"decile","count","Min_prob","max_prob"
10,3105,0.595666085605211,0.886938922477595
9,3105,0.555696597853751,0.595640908954316
8,3104,0.529110813887632,0.555691484326
7,3105,0.506445105917907,0.529096196623885
6,3105,0.484090485134835,0.506442033662516
5,3104,0.462401095370769,0.484089488611302
4,3105,0.437337415229602,0.462398579395808
3,3104,0.404399298285953,0.437318985698245
2,3105,0.358981411241544,0.404397836929445
1,3105,0.109250603625416,0.358967751204538
